{"Loss": 28738.001953125, "_timestamp": 1688465128.0800185, "_runtime": 886.5799005031586, "_step": 1593, "index": 0, "_wandb": {"runtime": 887}}