{"through plots": {"_type": "image-file", "sha256": "f0ebd528b200c80faba624911b140bf46532986e8dd28167baca033197c77a76", "size": 29916, "path": "media/images/through plots_401_f0ebd528b200c80faba6.png", "format": "png", "width": 640, "height": 480}, "_timestamp": 1688659445.0424144, "_runtime": 122.1472384929657, "_step": 423, "Loss": NaN, "index": 0, "_wandb": {"runtime": 122}}