{"Loss": 0.06772446632385254, "_timestamp": 1688570636.7400458, "_runtime": 120.79155588150024, "_step": 825, "index": 0, "_wandb": {"runtime": 120}}