{"through plots": {"_type": "image-file", "sha256": "59e87776071174bfb52d9e409c56a123826eb4ebe29278a282335e066bfab26b", "size": 46364, "path": "media/images/through plots_401_59e87776071174bfb52d.png", "format": "png", "width": 640, "height": 480}, "_timestamp": 1688659631.7385285, "_runtime": 166.45479154586792, "_step": 577, "Loss": 0.03117075003683567, "index": 0, "_wandb": {"runtime": 166}}