{"mock plot": {"_type": "image-file", "sha256": "8c04efb4079e516a9151d72d1582fad237f07cd0a6a67342134f720895eff535", "size": 34001, "path": "media/images/mock plot_2_8c04efb4079e516a9151.png", "format": "png", "width": 640, "height": 480}, "_timestamp": 1688587049.8897495, "_runtime": 30.646554470062256, "_step": 170, "Loss": 0.11063934117555618, "index": 0, "_wandb": {"runtime": 30}}