{"Loss": 0.18180319666862488, "_timestamp": 1688450314.2371259, "_runtime": 60.712193965911865, "_step": 399, "index": 0, "_wandb": {"runtime": 60}}